{
  "heatmap": {
    "H": {
      "n_folios": 129,
      "means": {
        "INIT": 0.017983294826649173,
        "CLOSE": 0.025416373369761398,
        "LINK": 0.01485818195135566,
        "ACT": 0.05953913005448113,
        "MODE": 0.0534115080704944,
        "TIME": 0.01338735119738145,
        "REF": 0.017292081676348145
      },
      "stds": {
        "INIT": 0.022086140038447766,
        "CLOSE": 0.028013348036734605,
        "LINK": 0.023001955553806627,
        "ACT": 0.04062828274636587,
        "MODE": 0.04402477783493001,
        "TIME": 0.017074411354289342,
        "REF": 0.020582091505269354
      }
    },
    "S": {
      "n_folios": 23,
      "means": {
        "INIT": 0.0654499095551743,
        "CLOSE": 0.06570019930450209,
        "LINK": 0.04090136881431641,
        "ACT": 0.023487392217761034,
        "MODE": 0.017743732591470263,
        "TIME": 0.031359270253620765,
        "REF": 0.029558868610048198
      },
      "stds": {
        "INIT": 0.03261098558166852,
        "CLOSE": 0.028475104863202223,
        "LINK": 0.018831800176026797,
        "ACT": 0.012560218999986193,
        "MODE": 0.009384443013760655,
        "TIME": 0.015777890352237343,
        "REF": 0.008468183618181897
      }
    },
    "B": {
      "n_folios": 20,
      "means": {
        "INIT": 0.12333749087888311,
        "CLOSE": 0.11135301982538891,
        "LINK": 0.027334658104480766,
        "ACT": 0.041712022197812955,
        "MODE": 0.013871384937026757,
        "TIME": 0.010381704010052912,
        "REF": 0.04512207318606326
      },
      "stds": {
        "INIT": 0.033443950090695014,
        "CLOSE": 0.026737401967416807,
        "LINK": 0.012050935996801857,
        "ACT": 0.017949906926083743,
        "MODE": 0.010408928538364698,
        "TIME": 0.007811896387496259,
        "REF": 0.027854343662846486
      }
    },
    "P": {
      "n_folios": 16,
      "means": {
        "INIT": 0.026393425894325487,
        "CLOSE": 0.030003128252222646,
        "LINK": 0.016869814647346406,
        "ACT": 0.06240204421305095,
        "MODE": 0.05589645805487007,
        "TIME": 0.014168639333244627,
        "REF": 0.028864250966221538
      },
      "stds": {
        "INIT": 0.015336004836898148,
        "CLOSE": 0.014209738903677771,
        "LINK": 0.00979862794499882,
        "ACT": 0.03331551469640719,
        "MODE": 0.03471414740224356,
        "TIME": 0.01081389051382048,
        "REF": 0.017558686571700875
      }
    },
    "C": {
      "n_folios": 12,
      "means": {
        "INIT": 0.019698871470750768,
        "CLOSE": 0.031807913281116415,
        "LINK": 0.028988221691251606,
        "ACT": 0.038972787696541056,
        "MODE": 0.016102679562631096,
        "TIME": 0.023155457005074535,
        "REF": 0.03942164465194012
      },
      "stds": {
        "INIT": 0.023389041900682448,
        "CLOSE": 0.020681291443250337,
        "LINK": 0.013607833599302939,
        "ACT": 0.015684089575667404,
        "MODE": 0.010298517764761171,
        "TIME": 0.021353458827813615,
        "REF": 0.02369403865108201
      }
    },
    "T": {
      "n_folios": 5,
      "means": {
        "INIT": 0.03355402461490542,
        "CLOSE": 0.033169743689251296,
        "LINK": 0.024331216219509986,
        "ACT": 0.04962234283568811,
        "MODE": 0.033155592206858674,
        "TIME": 0.01571775759787922,
        "REF": 0.0228231847247903
      },
      "stds": {
        "INIT": 0.02648759022847029,
        "CLOSE": 0.019673323154570866,
        "LINK": 0.018283753916517282,
        "ACT": 0.018859029405066334,
        "MODE": 0.015803499499463396,
        "TIME": 0.011618850705507047,
        "REF": 0.008588945430877386
      }
    },
    "Z": {
      "n_folios": 12,
      "means": {
        "INIT": 0.000859106529209622,
        "CLOSE": 0.020996997783781553,
        "LINK": 0.03932969638870259,
        "ACT": 0.02312464263669504,
        "MODE": 0.013794928393916385,
        "TIME": 0.028882758312405863,
        "REF": 0.028240004526562692
      },
      "stds": {
        "INIT": 0.002976032315410442,
        "CLOSE": 0.012854157028609028,
        "LINK": 0.029743799210866218,
        "ACT": 0.02054666365697647,
        "MODE": 0.013536413760544135,
        "TIME": 0.023231682044419884,
        "REF": 0.019275908696811225
      }
    },
    "A": {
      "n_folios": 8,
      "means": {
        "INIT": 0.008068612915885405,
        "CLOSE": 0.02256293545943091,
        "LINK": 0.018944254411486578,
        "ACT": 0.034893830095672894,
        "MODE": 0.01364198369770813,
        "TIME": 0.010386079063127026,
        "REF": 0.013794759674139368
      },
      "stds": {
        "INIT": 0.01186723233497074,
        "CLOSE": 0.0173216306098397,
        "LINK": 0.014147738249583042,
        "ACT": 0.0233348507773475,
        "MODE": 0.01609669141440743,
        "TIME": 0.013081996353488414,
        "REF": 0.01515208708336228
      }
    }
  },
  "kw_results": {
    "INIT": {
      "H": 101.86703460384786,
      "p": 0.0,
      "sig": "***",
      "k": 8,
      "n": 225
    },
    "CLOSE": {
      "H": 81.79819987040332,
      "p": 5.88418203051333e-15,
      "sig": "***",
      "k": 8,
      "n": 225
    },
    "LINK": {
      "H": 58.323636191568426,
      "p": 3.259528202903539e-10,
      "sig": "***",
      "k": 8,
      "n": 225
    },
    "ACT": {
      "H": 41.66230767871366,
      "p": 6.039360077592093e-07,
      "sig": "***",
      "k": 8,
      "n": 225
    },
    "MODE": {
      "H": 54.28965652139118,
      "p": 2.0611512496770956e-09,
      "sig": "***",
      "k": 8,
      "n": 225
    },
    "TIME": {
      "H": 32.77314857508304,
      "p": 2.918067072044117e-05,
      "sig": "***",
      "k": 8,
      "n": 225
    },
    "REF": {
      "H": 46.304508016400746,
      "p": 7.626658404813469e-08,
      "sig": "***",
      "k": 8,
      "n": 225
    }
  }
}