{
  "model_version": "v1.1",
  "n_paragraphs": 919,
  "means": {
    "orig_SLS": 0.010433427918021434,
    "inv_SLS": 0.009768472783646683,
    "shuf_SLS": 0.007017781143476507,
    "orig_VR": 0.06475151398621887,
    "inv_VR": 0.06475256364460974,
    "shuf_VR": 0.062111555866856114,
    "orig_TS": -0.6996742583725135,
    "inv_TS": -0.7329416095757858,
    "shuf_TS": -0.7489351208493038
  },
  "wilcoxon_vs_inverted": {
    "SLS": {
      "W": 1597.0,
      "p": 0.016555706140716886,
      "n": 94,
      "dir": 1
    },
    "VR": {
      "W": 330.0,
      "p": 0.4024240294657808,
      "n": 39,
      "dir": -1
    },
    "TS": {
      "W": 13663.0,
      "p": 8.881784197001252e-16,
      "n": 333,
      "dir": 1
    }
  },
  "wilcoxon_vs_shuffled": {
    "SLS": {
      "W": 24244.5,
      "p": 0.04282222997970786,
      "n": 333,
      "dir": 1
    },
    "VR": {
      "W": 24865.0,
      "p": 0.043616967140716056,
      "n": 337,
      "dir": 1
    },
    "TS": {
      "W": 9905.0,
      "p": 0.0,
      "n": 337,
      "dir": 1
    }
  },
  "wins_vs_inverted": 2,
  "wins_vs_shuffled": 2,
  "wins_vs_both": 2,
  "rf2_resolved": true
}