{
  "total_packets": 897,
  "b_packets": 374,
  "b_top_r1": [
    [
      "qokedy",
      69
    ],
    [
      "qokeedy",
      62
    ],
    [
      "qokai!n",
      49
    ],
    [
      "qokal",
      41
    ],
    [
      "qokeey",
      41
    ]
  ],
  "b_top_r2": [
    [
      "shedy",
      118
    ],
    [
      "chedy",
      91
    ],
    [
      "chey",
      47
    ],
    [
      "shey",
      45
    ],
    [
      "lchedy",
      24
    ]
  ],
  "b_top_first_payload": [
    [
      "qokeedy",
      13
    ],
    [
      "ol",
      12
    ],
    [
      "qol",
      10
    ],
    [
      "qokal",
      9
    ],
    [
      "qokaiin",
      9
    ],
    [
      "qokedy",
      8
    ],
    [
      "qoky",
      8
    ],
    [
      "qokeey",
      7
    ],
    [
      "qokar",
      7
    ],
    [
      "dal",
      6
    ]
  ],
  "qokain_b_packets": 0,
  "top_b_enriched_first_payload": [
    [
      "dol",
      3,
      0,
      Infinity
    ],
    [
      "otedy",
      4,
      0,
      Infinity
    ],
    [
      "qokeedy",
      13,
      1,
      20.611842105263158
    ],
    [
      "dal",
      6,
      1,
      9.29903536977492
    ],
    [
      "qol",
      10,
      2,
      7.833876221498372
    ],
    [
      "r",
      4,
      1,
      6.159744408945687
    ],
    [
      "qokal",
      9,
      3,
      4.675324675324675
    ],
    [
      "okai!n",
      3,
      1,
      4.6050955414012735
    ],
    [
      "olkedy",
      3,
      1,
      4.6050955414012735
    ],
    [
      "dy",
      3,
      1,
      4.6050955414012735
    ]
  ],
  "qol_first_payload_OR": 7.833876221498372,
  "qol_first_payload_p": 0.002419573712194575,
  "shedy_folio_B_mean": 0.1520720170259139,
  "shedy_folio_H_mean": 0.014937106918238994,
  "shedy_folio_elevation": 10.180821350366447,
  "shedy_folio_mannwhitney_U": 1943.5,
  "shedy_folio_mannwhitney_p": 2.5343349451674995e-19,
  "nested_n_init_first_B": 67,
  "nested_n_sub_close_B": 0,
  "init_bleed_by_section": {
    "B": {
      "n_packets": 374,
      "n_init_first": 67,
      "rate": 0.1791
    },
    "S": {
      "n_packets": 341,
      "n_init_first": 27,
      "rate": 0.0792
    },
    "H": {
      "n_packets": 94,
      "n_init_first": 6,
      "rate": 0.0638
    },
    "A": {
      "n_packets": 1,
      "n_init_first": 0,
      "rate": 0.0
    },
    "P": {
      "n_packets": 29,
      "n_init_first": 0,
      "rate": 0.0
    }
  }
}