{
  "total_packets": 897,
  "b_packets": 374,
  "b_top_r1": [
    [
      "qokedy",
      69
    ],
    [
      "qokeedy",
      62
    ],
    [
      "qokai!n",
      49
    ],
    [
      "qokal",
      41
    ],
    [
      "qokeey",
      41
    ]
  ],
  "b_top_r2": [
    [
      "shedy",
      118
    ],
    [
      "chedy",
      91
    ],
    [
      "chey",
      47
    ],
    [
      "shey",
      45
    ],
    [
      "lchedy",
      24
    ]
  ],
  "b_top_first_payload": [
    [
      "qokeedy",
      13
    ],
    [
      "ol",
      12
    ],
    [
      "qol",
      10
    ],
    [
      "qokal",
      9
    ],
    [
      "qokaiin",
      9
    ],
    [
      "qokedy",
      8
    ],
    [
      "qoky",
      8
    ],
    [
      "qokeey",
      7
    ],
    [
      "qokar",
      7
    ],
    [
      "dal",
      6
    ]
  ],
  "qokain_b_packets": 0,
  "top_b_enriched_first_payload": [
    [
      "otedy",
      4,
      0,
      Infinity
    ],
    [
      "dol",
      3,
      0,
      Infinity
    ],
    [
      "qokeedy",
      13,
      1,
      20.611842105263158
    ],
    [
      "dal",
      6,
      1,
      9.29903536977492
    ],
    [
      "qol",
      10,
      2,
      7.833876221498372
    ],
    [
      "r",
      4,
      1,
      6.159744408945687
    ],
    [
      "qokal",
      9,
      3,
      4.675324675324675
    ],
    [
      "sheckhy",
      3,
      1,
      4.6050955414012735
    ],
    [
      "olkedy",
      3,
      1,
      4.6050955414012735
    ],
    [
      "dy",
      3,
      1,
      4.6050955414012735
    ]
  ],
  "qol_first_payload_OR": 7.833876221498372,
  "qol_first_payload_p": 0.002419573712194575
}