{
  "packet_counts": {
    "S": 341,
    "B": 374,
    "H": 94,
    "C": 36,
    "T": 22,
    "Z": 0,
    "F": 0,
    "P": 29
  },
  "total_packets": 896,
  "qotaiin_stars": {
    "n": 16,
    "mean_position": 0.5428442075807272,
    "p_vs_0.5": 0.3874501713667571
  },
  "lkaiin_stars": {
    "n": 15,
    "mean_position": 0.5055838783424991,
    "p_vs_0.5": 0.942474909538164
  },
  "sal_terminal": {
    "pre_r2_rate": 0.2,
    "count_pre_r2": 2,
    "count_in_payload": 10,
    "baseline_mean": 0.16867568844253078,
    "baseline_p90": 0.2857142857142857,
    "baseline_p95": 0.3160919540229885
  },
  "top_B_positional_bias": {
    "ol": {
      "n": 99,
      "mean_pos": 0.4986686513974338,
      "p": 0.966224825353997,
      "bias": "CENTRAL"
    },
    "qokedy": {
      "n": 85,
      "mean_pos": 0.47866824223097415,
      "p": 0.551404724520249,
      "bias": "CENTRAL"
    },
    "qokeedy": {
      "n": 84,
      "mean_pos": 0.5101740466212191,
      "p": 0.7786611925024676,
      "bias": "CENTRAL"
    },
    "qol": {
      "n": 61,
      "mean_pos": 0.5158989681552169,
      "p": 0.7227168681593269,
      "bias": "CENTRAL"
    },
    "qokal": {
      "n": 49,
      "mean_pos": 0.48728870168100114,
      "p": 0.7998117705720191,
      "bias": "CENTRAL"
    },
    "qokaiin": {
      "n": 48,
      "mean_pos": 0.4602496213378888,
      "p": 0.43520267733384976,
      "bias": "CENTRAL"
    },
    "qokai!n": {
      "n": 47,
      "mean_pos": 0.46957711264292057,
      "p": 0.49937232516067276,
      "bias": "CENTRAL"
    },
    "qokeey": {
      "n": 47,
      "mean_pos": 0.4627047143291991,
      "p": 0.40480941334844256,
      "bias": "CENTRAL"
    },
    "dal": {
      "n": 34,
      "mean_pos": 0.4491281460128209,
      "p": 0.4062886992359045,
      "bias": "CENTRAL"
    },
    "daiin": {
      "n": 31,
      "mean_pos": 0.4881539270281319,
      "p": 0.8342766857584398,
      "bias": "CENTRAL"
    },
    "or": {
      "n": 30,
      "mean_pos": 0.5511534786935245,
      "p": 0.3325493574680165,
      "bias": "CENTRAL"
    },
    "qokain": {
      "n": 29,
      "mean_pos": 0.5584565287417809,
      "p": 0.3966190608453882,
      "bias": "CENTRAL"
    },
    "dar": {
      "n": 29,
      "mean_pos": 0.4268324096231717,
      "p": 0.2532680437270336,
      "bias": "CENTRAL"
    },
    "qokar": {
      "n": 28,
      "mean_pos": 0.45869784782599904,
      "p": 0.5228539854164986,
      "bias": "CENTRAL"
    },
    "okedy": {
      "n": 26,
      "mean_pos": 0.5176003989425921,
      "p": 0.7876348545069063,
      "bias": "CENTRAL"
    },
    "otedy": {
      "n": 24,
      "mean_pos": 0.5080474492155068,
      "p": 0.9114160833626055,
      "bias": "CENTRAL"
    },
    "qoky": {
      "n": 24,
      "mean_pos": 0.3568863287993613,
      "p": 0.06217199630164254,
      "bias": "CENTRAL"
    },
    "qotedy": {
      "n": 24,
      "mean_pos": 0.5370228353857485,
      "p": 0.5498211091977918,
      "bias": "CENTRAL"
    },
    "chckhy": {
      "n": 23,
      "mean_pos": 0.5929939303852347,
      "p": 0.20189773063302563,
      "bias": "CENTRAL"
    },
    "dol": {
      "n": 20,
      "mean_pos": 0.5399246986188186,
      "p": 0.6351097069578107,
      "bias": "CENTRAL"
    }
  }
}